layer00.qkv_weight	764235627b1aa58157b18cabc08b65effbfefd874b711132261654ef2c62e283	(1, 80, 100096)	torch.uint8
layer00.qkv_bias	4dda1f26f81838a51043b4ccf1f6c67868d7c5c81e9436ffa7b3f7d8aecc23b3	(80, 64)	torch.bfloat16
layer00.oproj_weight	790f484e53c1b504fc7af3f92e869224437bbc50b7ffd529fc3c702af8cb6a67	(1, 184, 34816)	torch.uint8
layer00.oproj_bias	3f906a8aff66ed07c38f195e5de1819efff1d19002ff63ef6ecd50120cb9bd28	(184, 16)	torch.bfloat16
layer00.norm_pre	8ca2531413300f8842724f165f05df3bcde0ce7bae6601d9b6dde5b9cc9d2bb6	(2944,)	torch.bfloat16
layer00.norm_post	1b746da68db1695582b60058dec6b201312e396774c1e49f417202117298b585	(2944,)	torch.bfloat16
layer00.router_w	980719f28fa6b8db976c4c3283b7d761f5e6d60ab11fbdd193049180a7b567a3	(128, 2944)	torch.bfloat16
layer00.router_b	612c4cfac89b7d93790361921841aaeffc071f3ba1dc3f6bf64e708eeacc0c44	(1, 128)	torch.bfloat16
layer00.gate_up_w	6576f5de945228d9520fa12908744f9774919f35e39a352d6a7e611f97a4e098	(128, 46, 200192)	torch.uint8
layer00.down_w	1f222edd5da077bb7759b73f402bb2dd8636201d8cac39e00ccd33df11175e9b	(128, 46, 100096)	torch.uint8
layer00.gate_up_bias	83a7534363fd689407eb4c78a3d14b1730a75ab416f63e44054d0568b06d2aa0	(128, 5888)	torch.bfloat16
layer00.down_bias	32b1e08421d62dc17f25799b19d3129a899934e37c7e48ff7e45bfbc55e737aa	(128, 2944)	torch.bfloat16
layer00.sinks	cf5a898f485aaf44bf12cddc5b331e1839c538ae6e3cd59d12cb88317b11683f	(64,)	torch.bfloat16
layer01.qkv_weight	8359eb710de93f7b3cbba44b9edf46601e587cd12f2c6bdb6ceface15424cf6c	(1, 80, 100096)	torch.uint8
layer01.qkv_bias	c04fb92e6e0d9e724c25771dc57c1fd1a9848bf8c7326651dc3d7229f13f5383	(80, 64)	torch.bfloat16
layer01.oproj_weight	7b8c4e980453fa2b49ef8a62448103ebfdd115d9819920376511e30acf4fcfb7	(1, 184, 34816)	torch.uint8
layer01.oproj_bias	521fa67ca4990cdd10072b6a0f3d3341cd95ed69621ae716dd0a6f85139e0c73	(184, 16)	torch.bfloat16
layer01.norm_pre	f9d1f118985c9bb402867d75c057c74fbba35a9170c6561325b3f8a212bb418c	(2944,)	torch.bfloat16
layer01.norm_post	7d0996a4523097bca0746b5df1c3a5912c65aca82013de1aed283ea80057d1f0	(2944,)	torch.bfloat16
layer01.router_w	cefd0691c5b342937f41bdbcc23fde5479e86d592f4f083d330e9ff1f12f054a	(128, 2944)	torch.bfloat16
layer01.router_b	b4eba7722f0d17c4c46ec6423528d1586554f2c28726946d0646bbf0d81304f4	(1, 128)	torch.bfloat16
layer01.gate_up_w	8f62c270eaf0a82a3e25cbbdd6dbed005ed5ebe589f96ba581b1aaafb2767d3b	(128, 46, 200192)	torch.uint8
layer01.down_w	33e38612c42ada3402c9fb9f5b45998e9f95e918daa6668480118f8c445bffac	(128, 46, 100096)	torch.uint8
layer01.gate_up_bias	b82309c5052846be6cfbe4ac69218b53d3f976592d705ba75abc18acce19a8c0	(128, 5888)	torch.bfloat16
layer01.down_bias	4c0268ad422bc24e618f5cb2fecaadefbc8edaa22804de89c587099b2df1d665	(128, 2944)	torch.bfloat16
layer01.sinks	fd78a2ce0f82dd49956a345b6e1efabcb09bbd57952c5058325616ac70bd0c12	(64,)	torch.bfloat16
layer02.qkv_weight	eca43bb03f04fc018cf7c251e2dc7eeb41555ec47b1e5271144f4e4b99fd12fd	(1, 80, 100096)	torch.uint8
layer02.qkv_bias	0c8fba1da80355267574fff9e87300bdb9a13e7fb1c83da67f3435a09082cbcc	(80, 64)	torch.bfloat16
layer02.oproj_weight	e1f6ad838591a42adb7d2f976be76974b0c3709bb613904bc90d8278015fbded	(1, 184, 34816)	torch.uint8
layer02.oproj_bias	0bc2d65caedf1f8dd9524325707c5ef19fba1f425f06ede843b444a65d2197d8	(184, 16)	torch.bfloat16
layer02.norm_pre	aa4e484e8d1bc739d88463e304c4ddf008a4d552def44da86930741f2362f6ee	(2944,)	torch.bfloat16
layer02.norm_post	cf9a0c53d2048197b3b21822508b7698b86bab7356ec34d98934ee9c57940a0b	(2944,)	torch.bfloat16
layer02.router_w	6a33ff591d038ea7f23c7d81803d3c6c631798b42c3b3c098e97660b6d29ab48	(128, 2944)	torch.bfloat16
layer02.router_b	1e3ac3f6375385d9275c945b24f29f456cdac8d7397914b3da8ab4b610023911	(1, 128)	torch.bfloat16
layer02.gate_up_w	1adf564ba15dd29076f6a0bfb977aa9618fc5226df76c91e0930e256c45bec48	(128, 46, 200192)	torch.uint8
layer02.down_w	8e02cf1fc1c3d31020514f5d34c2cfe395c3d7f05d340292600ccdfb78fd0eb9	(128, 46, 100096)	torch.uint8
layer02.gate_up_bias	3bbf534d255244044414842484afa18a6c98069cea4b713d44cfdaf8233e5c99	(128, 5888)	torch.bfloat16
layer02.down_bias	b2ab37633948dc177d0f67d3b8ad7fc56d9b15b61fd8921cb9d38bd26fabdfff	(128, 2944)	torch.bfloat16
layer02.sinks	91cb765c1441ed03fc485cae375f1a18b5d430567a991fa16c28260a119f1d27	(64,)	torch.bfloat16
layer03.qkv_weight	077cb05d328c08eef9d1a07948d0c77164d80efbcb741c6e62c9023e4df00e7e	(1, 80, 100096)	torch.uint8
layer03.qkv_bias	8ca50d04249b08851cdc7b6f67f574896347084894815e8990f44fe349249037	(80, 64)	torch.bfloat16
layer03.oproj_weight	f31ac05e12de35fb278d987b11d307a9cda4eac6d5f335d2f7e57afec9ddd951	(1, 184, 34816)	torch.uint8
layer03.oproj_bias	fe4499988f0f6d686a6e4cdf5e595ea71eedf9c393de19fa837b7b6b0242d18b	(184, 16)	torch.bfloat16
layer03.norm_pre	48625b4f2427d12d356c30638fddfabb5c14b0ecc08145875da425b58f2ff3a8	(2944,)	torch.bfloat16
layer03.norm_post	cf74079ba492f3ed4398513c64be0b8999f99541bd8a5e9b020a758bb6c36839	(2944,)	torch.bfloat16
layer03.router_w	e412fb78b9bbb18c740a5cf2034d4039696ba18091184b5d03be27e4e472e904	(128, 2944)	torch.bfloat16
layer03.router_b	75caea04d1aafd5bf0c2a78dd66f490ee5f3c3f061c5bf40daf06dbfd01cd374	(1, 128)	torch.bfloat16
layer03.gate_up_w	18287a51f14161ea220e3b8d73db29e25591643ce5935f7eda6101331adbff83	(128, 46, 200192)	torch.uint8
layer03.down_w	847c5c1ca60cf41152a140727ed90cea1334eeebf1b5ff946a0450525c384c47	(128, 46, 100096)	torch.uint8
layer03.gate_up_bias	01366db0fed38d47b9d6f646266c33a308baab20572848399e154a13899f7395	(128, 5888)	torch.bfloat16
layer03.down_bias	1be5d886ca1ef2818b93dff169a2bd030123d311b2e420aa1c6b5a2780dcd4fc	(128, 2944)	torch.bfloat16
layer03.sinks	97b7cab0698cfe69d2cce2913672e2f5dcc59fa8eac11ad8c47946ae9ba2e498	(64,)	torch.bfloat16
layer04.qkv_weight	8eb2960ace42bc177fba1ea18b189d37c3510f79d8e82043be9e666274e056f2	(1, 80, 100096)	torch.uint8
layer04.qkv_bias	7bb5f93c45ea8ee84f07d12a46e6e60e4d1db74cf9659f1b4b1041c9e9b9d29d	(80, 64)	torch.bfloat16
layer04.oproj_weight	6ac135b711578a27e76ef190c16df412e56eb28b373bf349b336f3bdace7d3d5	(1, 184, 34816)	torch.uint8
layer04.oproj_bias	01042ab688f236b113294365514614dd158efacabb9b65039154ae7890bb8863	(184, 16)	torch.bfloat16
layer04.norm_pre	95b772da8296a320b3e0d2a5b5eda86e235b7ff287cf36f3687eb9a053ff16f6	(2944,)	torch.bfloat16
layer04.norm_post	483999dee325aa077d18e18b0ffb972aac925d1f5c0a1c2c64d418055dd16f51	(2944,)	torch.bfloat16
layer04.router_w	c4ef6947e91da3eaf7016a782ce6f48e9559d9083038ffb25cf214a65f9f2415	(128, 2944)	torch.bfloat16
layer04.router_b	a3068106d4e318480bfa3430d2a39e738e7c3c3c672486db9afeba84a4a095ea	(1, 128)	torch.bfloat16
layer04.gate_up_w	030f00cb5398628a6e61fc2a36047ada5a14152b3c21c162fb73e4e0c8c8039e	(128, 46, 200192)	torch.uint8
layer04.down_w	9f4355ce70cd6bfbad88eb4c932f7ebe8c452c0d866dbdc03534c79154fe1393	(128, 46, 100096)	torch.uint8
layer04.gate_up_bias	3db364521340617d03471dbaa4ff417ce3e141fab7f169710c53a3d56a2abb20	(128, 5888)	torch.bfloat16
layer04.down_bias	4faf6703e53440930848c08ca47bdf9f84c403c789b60f1b6c46a0e7c25467f5	(128, 2944)	torch.bfloat16
layer04.sinks	c291b4940d89043cb1ea8a290e88c90479dcebe83b499d14e8e601c3ba1df592	(64,)	torch.bfloat16
layer05.qkv_weight	eaea722dadd23005a0c662d4fe87f4d312d25b731304de3fc673d65b31604d73	(1, 80, 100096)	torch.uint8
layer05.qkv_bias	d436c5264868a44392728806a3d4753e9708ee128cf780f7d8e9ef0ac127d4bf	(80, 64)	torch.bfloat16
layer05.oproj_weight	dc0137069437a39dcd27976a6c2887bddfbfd7ea417db739cbb7b674b1ac2390	(1, 184, 34816)	torch.uint8
layer05.oproj_bias	be39f622f2b8b53a98078ed86880270d21804bd09a40a324dcf6e72ec0846454	(184, 16)	torch.bfloat16
layer05.norm_pre	74a9903571cd7bf36ccb7af899012351c2e937dd6eb9f1de96ff0fd8c25310d2	(2944,)	torch.bfloat16
layer05.norm_post	73727c267f67709c80f3e277bfeac110ff3eff5c3663cbaf2bd70b712720a9d4	(2944,)	torch.bfloat16
layer05.router_w	1bca88923f1168f904a6e9ccce9b0b33b4ed0012935a02ff72873f8341e044bd	(128, 2944)	torch.bfloat16
layer05.router_b	4b9c469e9332b97b04e673253946983502c614c9302fed56999ed75fcc6ac9b9	(1, 128)	torch.bfloat16
layer05.gate_up_w	498f615cd1a4f55381707381b25c85fb2733c58df7a5a1be3efb6f350490c026	(128, 46, 200192)	torch.uint8
layer05.down_w	a200dbbc83a8c0f91718bf1dec3e358a97607b6282e1100b45e489a50a60730c	(128, 46, 100096)	torch.uint8
layer05.gate_up_bias	9437bc261b124c5e134bd22fc66df9eda0af0b4190b81273c78cf1d7762b70e9	(128, 5888)	torch.bfloat16
layer05.down_bias	19189fcebbeeb2fe2488beed00d7bdd52d85011a0c8ce47e514466288ddc43c9	(128, 2944)	torch.bfloat16
layer05.sinks	fff8be0a6376886d5e4e3ef743e55488bc0df1251bf2a5e7aa398225a75b8672	(64,)	torch.bfloat16
layer06.qkv_weight	b802f6f699a0e4cfa6b458a29bccfdfcdba93a654fe0a4b619753a1d47fc62cc	(1, 80, 100096)	torch.uint8
layer06.qkv_bias	f58dbab950013012398dcd23aebd693aec56255f048e390865ee8eeb16f4c478	(80, 64)	torch.bfloat16
layer06.oproj_weight	2f96227c4b71380c324adc7a6565c547de40e03a681320fd02dde76379e430ba	(1, 184, 34816)	torch.uint8
layer06.oproj_bias	12922543b4c60e7d081508905b813a3344f91136363b1f57909e17405f846a3d	(184, 16)	torch.bfloat16
layer06.norm_pre	1099e37cec12cddf2222f02a7c6642c5dbc3771f31890bb90a8d997294650f50	(2944,)	torch.bfloat16
layer06.norm_post	a8e195dd74b23419eb47f6f6cbc8a21583a5b507e47057231b787d175a0cd7af	(2944,)	torch.bfloat16
layer06.router_w	5cf91f03770f758572a33afd759b2df20cbf7606e01072aced0ca6ac6f97625d	(128, 2944)	torch.bfloat16
layer06.router_b	26e62fa5e7495f37f3d852554aafb13abe515cdae2d08d6417736fafe91d8bde	(1, 128)	torch.bfloat16
layer06.gate_up_w	b9b127282d120d07f9d48eb426a9a6e60280181b7321dac81c67e25f9c323a77	(128, 46, 200192)	torch.uint8
layer06.down_w	5ac5854b90cde30a2163c15437946be290a7c6b37a16c16d7937e4e0c253d459	(128, 46, 100096)	torch.uint8
layer06.gate_up_bias	e5065b20604d57808908d1b8ef4d10eb3d1adb0fcbeb4c62587cbc4f5f335a69	(128, 5888)	torch.bfloat16
layer06.down_bias	6a9e95e7709df39d7ce707a489a22c9aff9b6a810bcf8b1a64e24f562d752915	(128, 2944)	torch.bfloat16
layer06.sinks	8f7f01951a7c9ae38ad3dcad2f866fe54983901682591df883fba1d98d28b0ae	(64,)	torch.bfloat16
layer07.qkv_weight	5dbc95f5ad1a65e14acbaf0c30d054eaaa6b94ecee1fe4180f807f5b846e54fd	(1, 80, 100096)	torch.uint8
layer07.qkv_bias	9c5f4a4c9cf270be199016ea51622da68472e2c2b6474008d14b82c6618a8959	(80, 64)	torch.bfloat16
layer07.oproj_weight	8ff61c288c7e85066170f4b00f5c958437d75a02dc242fd594aacccf4eb9889d	(1, 184, 34816)	torch.uint8
layer07.oproj_bias	b6bddd8997794a60b7c558eb62d914069469c7fae51db3bd1747bfe28c8d8e50	(184, 16)	torch.bfloat16
layer07.norm_pre	114f6dc70958d8296dd19c7b36c0cf3b9b81aa3e3b8344b9445d53358632ff31	(2944,)	torch.bfloat16
layer07.norm_post	be2366c77e25f098ccd72923eb6ab1733b7fbd0679e792221164174b716632c6	(2944,)	torch.bfloat16
layer07.router_w	7b77085469d83854a24659d91d1fbf7303bf6238b5ac31031f2642e14756f441	(128, 2944)	torch.bfloat16
layer07.router_b	96bab902a71a1a3653bd5e31d5d64d4fe1da849d0ad6b57c5bc65962e72269fd	(1, 128)	torch.bfloat16
layer07.gate_up_w	c3f50fde4c60f0667895b8c18ddd137771a79273f9a69911024b3d120911a28f	(128, 46, 200192)	torch.uint8
layer07.down_w	e4aaa6a2baf6d2575143b38877bc7b3b9bd4be879ddcc5f76444146bddbadfa0	(128, 46, 100096)	torch.uint8
layer07.gate_up_bias	8fa18c7a11a2f2eb5c9877e11674fe41f1f3a4ff4bf667bb31fc15ec6f07234e	(128, 5888)	torch.bfloat16
layer07.down_bias	fe23ab5ffd3b14a94d192cfb32ac0e93514240b2fe37135bbdcc0e214ffb0a1d	(128, 2944)	torch.bfloat16
layer07.sinks	f73e3d5c97fcd9d83f0446fd9491de39490451ee7a424ef2db92f6d8d1063a4d	(64,)	torch.bfloat16
layer08.qkv_weight	c6f01378ab7de506a547ed54425daa94fe14a971107d7ca35f13f100d9da9c87	(1, 80, 100096)	torch.uint8
layer08.qkv_bias	7b2cb8beb1a43551473bb84c822c21860bceb833f31574b473d47a0f7c73e8f5	(80, 64)	torch.bfloat16
layer08.oproj_weight	8ebf8f9a7f80250e9c50d29affcfdfca6adf30153c60a249e8d5ab05a49b00e2	(1, 184, 34816)	torch.uint8
layer08.oproj_bias	cf766636bf19d7738a39e79b35e55e4afcee57f2f9366da6323e5e661deef74a	(184, 16)	torch.bfloat16
layer08.norm_pre	7aa8399ecf16e13316062a5619751780fd05c636411046da60a1b58d8aa238d0	(2944,)	torch.bfloat16
layer08.norm_post	3069291398ead4bb88716994882fc48e9c6b0a20e87bab30d9dd892fb4914a40	(2944,)	torch.bfloat16
layer08.router_w	ec928006a50cfbf4b1474b1c278104b20342f87cee459d20ddf0e587c34f2033	(128, 2944)	torch.bfloat16
layer08.router_b	f33f2be40ba2b5eb5613a75d6754fd150eea73124283b1b71ea0e7547d5b9b6b	(1, 128)	torch.bfloat16
layer08.gate_up_w	77a4564ccc685994decf0a05a5f1550bfd3625c81277620187ecaee1f8a1eeaf	(128, 46, 200192)	torch.uint8
layer08.down_w	a2e5c43f90a4550b042d9b06890411a2c631c9c479db6b704a3ad7c8d9558058	(128, 46, 100096)	torch.uint8
layer08.gate_up_bias	e7eddf12e5622cea77f541f4e1bd89a8f6332e46a78fdbcdadaaf6871d4d8f66	(128, 5888)	torch.bfloat16
layer08.down_bias	dd8415851701caff58e2772d448dd55c3e737eab2f155da2e7d668a2d2672991	(128, 2944)	torch.bfloat16
layer08.sinks	47030b150a8bb801ef1be3d5d48654f4ac024ca5e55ac2763281a95cf43a7dcd	(64,)	torch.bfloat16
layer09.qkv_weight	26fc70fc957755c8624c9acada032a3342d21460a3a3dfe9efbe543c5bc886aa	(1, 80, 100096)	torch.uint8
layer09.qkv_bias	9edd9cd515cba1b59c5f26ea6dff662c8c7bf1eb42fcfe9d8ff4a4f676567742	(80, 64)	torch.bfloat16
layer09.oproj_weight	5598e5476afd2e062e0203e2d4f873bc9e78a32873b215a47f064d36e4943890	(1, 184, 34816)	torch.uint8
layer09.oproj_bias	7348e2aade8e6578d57af0d2dc4fa99e83507070fd82544e7ee64b6b67f6462d	(184, 16)	torch.bfloat16
layer09.norm_pre	ee46c21a71b1a4f0496ec88e1936ddf517d18ff0de089bf8a5212ef38c9b5d5a	(2944,)	torch.bfloat16
layer09.norm_post	4b4b31d80d74f3ce18eaa45f36b99d5e002634b4178fe3144fa798d667d50dc1	(2944,)	torch.bfloat16
layer09.router_w	2132d18d261df0e8c5cf521f678fb0d6be8552f9e30ab2e604cfe7b37717699b	(128, 2944)	torch.bfloat16
layer09.router_b	3184e5250c49195de84e12a46fe9286f5956b6d01211121f24faa32de52290d1	(1, 128)	torch.bfloat16
layer09.gate_up_w	befa2a5f2d459893ec458a20f034dbe6867d0e6a8dc1840bc22a46211b8c72ee	(128, 46, 200192)	torch.uint8
layer09.down_w	e0cf442035ea7f363c87c5426b8bb7359acadd52fe3c636555d25e8636d952f4	(128, 46, 100096)	torch.uint8
layer09.gate_up_bias	145970e2ab4175e5b05cfc772a926ce1c29134f069892336c959f9f32076d489	(128, 5888)	torch.bfloat16
layer09.down_bias	bf0798deffddb409cbbcc4e6817a13972f8a65cf8263a5936faa501ea92c40ae	(128, 2944)	torch.bfloat16
layer09.sinks	2d5d040a8ade560f5bbdd3e6b3ad4a047138b2ad0ef9f0861626881dcd1eebbe	(64,)	torch.bfloat16
layer10.qkv_weight	f1732ef8059e5651991e4b9bf25f2c799ad1ef0a2916173fed46cf45a724866b	(1, 80, 100096)	torch.uint8
layer10.qkv_bias	372b84a331987d21426020c5e9b02f9e38f65563b54b2c9067bcf425ef706160	(80, 64)	torch.bfloat16
layer10.oproj_weight	5ddb77df54ceec7c868ee03260e9d54310e4e8adaff616d7a8596d3392243a09	(1, 184, 34816)	torch.uint8
layer10.oproj_bias	70f945ca16024ad0c58a991601bb45884f354c6c07c63462863e7e99d3f12e3e	(184, 16)	torch.bfloat16
layer10.norm_pre	ba612d3c2f9bce9838169eba23c47c2ff94c98be0682311089749deb4402e0cb	(2944,)	torch.bfloat16
layer10.norm_post	0f2ec5d50b3a69c75ff2915d46fcfe51944e68a012d803d5ac884a446f8045e6	(2944,)	torch.bfloat16
layer10.router_w	33deb7f447ce34cf9128133d4e9d09ee76143377c562b0cdf8257112ac035f54	(128, 2944)	torch.bfloat16
layer10.router_b	c91aa299487cee113ee261577f26b90743754d79e1ceec6d0f3afadce8f0b6d5	(1, 128)	torch.bfloat16
layer10.gate_up_w	ac809b60d8c902b58f6365a500a361ea82112fe2d30c6ad54e14a03d5b471228	(128, 46, 200192)	torch.uint8
layer10.down_w	2417a4e691271c273c732bc49b23fc4aa9eb92a9df44749f878b29fbccd8a066	(128, 46, 100096)	torch.uint8
layer10.gate_up_bias	69495970a35a88f61649edd51646895e4fe038f53be074b0951a3c2fbd46f92e	(128, 5888)	torch.bfloat16
layer10.down_bias	03673a0d38bb91b714fac8bd7fb5fb4beb1ed645014e479433ee7a74b1b7ef5d	(128, 2944)	torch.bfloat16
layer10.sinks	f44d3a13a440bc54ae3710b4726edbd588f0fffecfff99bf5b62239ece6343d4	(64,)	torch.bfloat16
layer11.qkv_weight	0adebfff6e44d919d726760b4189e4215046229f6d6240f0ea388453721aa350	(1, 80, 100096)	torch.uint8
layer11.qkv_bias	ea6457af16bac288634664084d87bd778c6c9a0541814bc6aae4c2998ef41b51	(80, 64)	torch.bfloat16
layer11.oproj_weight	1c00360e34ee3e6967103a34e5f526b4f15b93a7660b3a4006764184a77a64c4	(1, 184, 34816)	torch.uint8
layer11.oproj_bias	b3705888d4abf4e390fe102bcc671db27ff1c01746f78da242e7316bc0f95f16	(184, 16)	torch.bfloat16
layer11.norm_pre	6edf238873fa73b4cb12fc3eaf843a35706bbfc827c6485bbe21f3e55693a492	(2944,)	torch.bfloat16
layer11.norm_post	f17056dfd199e8346d337f8edd9564b28673d27513fd5467e25ff183f808fd9b	(2944,)	torch.bfloat16
layer11.router_w	3da81e513c9af5af6b1f0f564472cbae17848f5128fdefed617d80da89d18e04	(128, 2944)	torch.bfloat16
layer11.router_b	3b5286e587fa11787e721c3e8d9fa1cecad400f4f0545e39632f30f4db76df56	(1, 128)	torch.bfloat16
layer11.gate_up_w	a528c0ddef532c5598c08259f2e54e2d3aacc67119255ded51959697e9fca168	(128, 46, 200192)	torch.uint8
layer11.down_w	5f48a86d857faf98cc3dbb1a49c19db0bdad5ee7dcc37afa2c39e58d1c632f4a	(128, 46, 100096)	torch.uint8
layer11.gate_up_bias	6b95dc5cd7911652f438796e1efa94398184151eaaa3c54a9303ca1c5e7390f2	(128, 5888)	torch.bfloat16
layer11.down_bias	0d78acd15a7c4bf838dbd383786e9f128d7c60dd1934b31613f73144bbc764e1	(128, 2944)	torch.bfloat16
layer11.sinks	dda67be268dfe294ecdd781574b43686dd73cf9bdcd64e879454aa1d2f74a214	(64,)	torch.bfloat16
layer12.qkv_weight	85d7572ea2642b847ac52ac12ed54c0a1dc5be2baff190ee034ad1a558c02bec	(1, 80, 100096)	torch.uint8
layer12.qkv_bias	34e60eba200e6bd0d72a8fa459e45506f71586d3b2e41a07cf02e72c1382c26d	(80, 64)	torch.bfloat16
layer12.oproj_weight	ed3d086f9d7f616ee0aa59150369f069602d3b82bf95a972e97d777608e0a58b	(1, 184, 34816)	torch.uint8
layer12.oproj_bias	f43548bc302c391b92cb6abf6868c407823cc74f47fe456fe852c3d72e547b79	(184, 16)	torch.bfloat16
layer12.norm_pre	26314ffbeef650422e9f2c84ce1a699e374b7cb93910da05bf5232545993737a	(2944,)	torch.bfloat16
layer12.norm_post	9d3528da99c5a3c54698d30ef510de64417e7819758a16957592ae86966d94c9	(2944,)	torch.bfloat16
layer12.router_w	db4fa997ae8b96942b976a9c1333b462eb11a070c480ab9882b2bcfeb17f9a0c	(128, 2944)	torch.bfloat16
layer12.router_b	3f2f65cfad54db7cf9d62467c7faa3103192b4e33f508711f5aeb2e195071bca	(1, 128)	torch.bfloat16
layer12.gate_up_w	b4372e64e4aaef97a7ad2eca0cee486a41968f86bebe50a765cddf0addb4d356	(128, 46, 200192)	torch.uint8
layer12.down_w	b5c86b222bec1e82a77b43d8adbbbd350ae84d23ae8a91af9b7124611eb17b06	(128, 46, 100096)	torch.uint8
layer12.gate_up_bias	d842ea5b8e169d169e98eacda4091cd6b3bfd23ca801b22e22dbb51c2298619b	(128, 5888)	torch.bfloat16
layer12.down_bias	14350cd361fd61be53177ba5da892fda0be12de55c7de989bd84b148792fe8a9	(128, 2944)	torch.bfloat16
layer12.sinks	7c126fc7d0cc31db678bb25c63fb10d7039484c277a4ba3d1cd8dec03367aebf	(64,)	torch.bfloat16
layer13.qkv_weight	a4e149692650d3daff1e635615033df7f243bdf8fd31c256b27f7d81e10d0340	(1, 80, 100096)	torch.uint8
layer13.qkv_bias	1fa6243e72a889db03a16fbbdd9ee5e0771ff25abd90c099cf76905aa2a15eeb	(80, 64)	torch.bfloat16
layer13.oproj_weight	b4685b989e0599a85e1a66b113b46766cc72e81bf67ff99bf25ad7efff825503	(1, 184, 34816)	torch.uint8
layer13.oproj_bias	bdcbc5659df509cd3abd4c029aa44addeeaa6b5e826a053032bc19e463aaa804	(184, 16)	torch.bfloat16
layer13.norm_pre	68477fe751a6fb5355376f5ea4682b33c7c21f9144d91d9c2a12749386b57718	(2944,)	torch.bfloat16
layer13.norm_post	67723fe73d79b5eed4080464c8ef0ba625d70bcd878fba05e92f910e94106864	(2944,)	torch.bfloat16
layer13.router_w	8738c988a3e30b23597cf843136580ecc21542170f31b28d258fc0deb0204e69	(128, 2944)	torch.bfloat16
layer13.router_b	d7dcf1ef124214c94c45424da51c8555bcbc3d9d3dee6ef5bd31abd9a7ed8b53	(1, 128)	torch.bfloat16
layer13.gate_up_w	a8720aa3d596f1c4204002a98e9e498d58d750b7a613e5cb1d040a03e5b4cd7e	(128, 46, 200192)	torch.uint8
layer13.down_w	494c66dac8e9420e1929e426241e5e27920fa11f6b5bfbdb6da859a7ef6c7810	(128, 46, 100096)	torch.uint8
layer13.gate_up_bias	3fab0c9a4f51e4b2135c1d1982fe91e5ebc5a2c6036c910e4195df30ed1887e2	(128, 5888)	torch.bfloat16
layer13.down_bias	464c7de0f07ac1cdd4597270bebc5d1fb471f63c0415f528c487d96debdc200b	(128, 2944)	torch.bfloat16
layer13.sinks	bb48c04ccc1ff71c7cfb23d26f8d7fa41b01e0a906d6f702a6c835587291b5e9	(64,)	torch.bfloat16
layer14.qkv_weight	4763eedf885634fb7a064f5f150c795c017d51ee5761248aff1a4487e36bc166	(1, 80, 100096)	torch.uint8
layer14.qkv_bias	116e0207ff0b05954644c602b02f09228ad3baa7e9b7dbd79464792cb299007b	(80, 64)	torch.bfloat16
layer14.oproj_weight	860654f87835d96e2c5e706d765fe4915f4384f896ef5ce90de5a6f1202f1d7f	(1, 184, 34816)	torch.uint8
layer14.oproj_bias	175d839e91a9dcaa23476ca0163912baa91b6a359602c0a6e3b3a0d9b8cd2ed7	(184, 16)	torch.bfloat16
layer14.norm_pre	ccdf9867de8645d6ec6ffd6588c2aea8a2695964068d83962fc72115cc51732c	(2944,)	torch.bfloat16
layer14.norm_post	10fa0d3a2baa3537a6c0dcaee99eb58c17e3a76a3dbbfcc0f844c3b52e7c222c	(2944,)	torch.bfloat16
layer14.router_w	39bb27961fa92f91aa635612711cb4dbbcc1d6e826e9ef1e4278f11516f262c9	(128, 2944)	torch.bfloat16
layer14.router_b	0038e7924e96472e688efb208fc0201bc3e835f5a9c2c39295030f56604b0418	(1, 128)	torch.bfloat16
layer14.gate_up_w	176737ecde1edfbd9bd13b7307a14a8441f1f99e038d577a6459056d9977bfa9	(128, 46, 200192)	torch.uint8
layer14.down_w	71834e354fe2fceadf63818e1686db6be253ee7eb3d118a9e40831003d5eb1f9	(128, 46, 100096)	torch.uint8
layer14.gate_up_bias	a91055482fc39d497be2b7f850902c653d5ebbf97473a73fbc3d376ba3b0d006	(128, 5888)	torch.bfloat16
layer14.down_bias	10fccd2199837ec596043706f1e00ed3f294cb1bb43740953a8e27762a2ba153	(128, 2944)	torch.bfloat16
layer14.sinks	bc745c6868642ae13e3e77f677b1a802581d0178cad6d9e9e4ac6f8ee0f3151c	(64,)	torch.bfloat16
layer15.qkv_weight	45553b7371db7f867f9ee187e95e3cd801d63c91ea45c6dd4ee7291b5d45a84b	(1, 80, 100096)	torch.uint8
layer15.qkv_bias	dacdc8c273cc38cd5bef6cf3a75166cb3e93512b577af6b1a2a443592af6647e	(80, 64)	torch.bfloat16
layer15.oproj_weight	314753aba2ecdf9a247e9d09406967f99c22a498b9beb69e2ef5cbebb3f5bbb3	(1, 184, 34816)	torch.uint8
layer15.oproj_bias	34506fa93983bc1146cc4d9a4ebb5a57e1e98bab24497eba6bab37e729e2a0b0	(184, 16)	torch.bfloat16
layer15.norm_pre	c9746c70aacd9fabcacf0b6b306b3ff6e3e37ccf164c23f23555ff99e437ca20	(2944,)	torch.bfloat16
layer15.norm_post	83beb2f1773ceaf2ba46956635d4710c8e981d2e96440116bc6e7f194e547595	(2944,)	torch.bfloat16
layer15.router_w	2ffea1700655723e03e86853042898cd4e0b1c59abf4d7cc917989b4526c619b	(128, 2944)	torch.bfloat16
layer15.router_b	ed17f03b9def53bc7fe1f6cbbb46d36f8a9422749a65aaa724832ba0c74fb164	(1, 128)	torch.bfloat16
layer15.gate_up_w	9cb524ebb43f280acc247551006983bafa5ddff6a9096ce15a6637b3a66d9a6a	(128, 46, 200192)	torch.uint8
layer15.down_w	008f04823216b0caab254e1afc5d451ba58bbe5613dbd3f5bb2746559c42ac0a	(128, 46, 100096)	torch.uint8
layer15.gate_up_bias	01644c1a62d68aeeac14b5a7323ec06ef095920e151d579886bb49f06ea2c686	(128, 5888)	torch.bfloat16
layer15.down_bias	ad52a3a6840cf35333158113ae546bcaa8cfb2fe8b94acfbb2e9a153ff8cb19f	(128, 2944)	torch.bfloat16
layer15.sinks	7e528e425ce7b484ae4c355fced30ef0253207f8a0e06b165daec3fddd598c41	(64,)	torch.bfloat16
layer16.qkv_weight	67c41d226a20a5e8f25926e303afbeff60515624d6bc58a1f3238a1a84efe90a	(1, 80, 100096)	torch.uint8
layer16.qkv_bias	bc8de44c65489c6386b322ebab673cf53d50861ae524dd570cc51a9cc6aaca83	(80, 64)	torch.bfloat16
layer16.oproj_weight	f5dce85092e70286083c0637ddddae4ce6a97734e75cedfda1da770d806dfc68	(1, 184, 34816)	torch.uint8
layer16.oproj_bias	38047256363ddc056a466ca788b5325b15e9c8cfc9cdd56be86f19a3c0153370	(184, 16)	torch.bfloat16
layer16.norm_pre	c658a317f76188260fc924ef1531404e996163526b1f7cce682b9403965909ad	(2944,)	torch.bfloat16
layer16.norm_post	305f4aa39e66df1c20f94e8e96f81638b2b5ccaea2c7a240993de860a39912a1	(2944,)	torch.bfloat16
layer16.router_w	d7691938e605a53d737dd3c6dee9c51dde24ee1c5d82fa0a3aa656b5b6a78747	(128, 2944)	torch.bfloat16
layer16.router_b	9222f3b4c2553c893bacf724e7831b07dd325032d0404566d276b2cd9e4d0c48	(1, 128)	torch.bfloat16
layer16.gate_up_w	27e5e899de0db7065ca8c93d6554546189f9797eba66554c8ee133f93d6b0554	(128, 46, 200192)	torch.uint8
layer16.down_w	2bc31ed19e44b99da0c19a43d108aa586be5ed2f689ede7743f57b61eab796b5	(128, 46, 100096)	torch.uint8
layer16.gate_up_bias	0abda43c936acdb79617636be5b2779679f882c0864ff27b58b5449a90dd7a26	(128, 5888)	torch.bfloat16
layer16.down_bias	585a9e1842bb4bc4a58112c5a37a3b318eb1ff672014e8b627c4f9d0b7e5715c	(128, 2944)	torch.bfloat16
layer16.sinks	8795c3b528929d86c76d8bed3d1b82999317683efd360a1522f5cc4daa32034e	(64,)	torch.bfloat16
layer17.qkv_weight	8804d6ae95382f0eed596c79400760d23d08d1a832cb41777fa59e06fdadf17c	(1, 80, 100096)	torch.uint8
layer17.qkv_bias	f2a1b1ce0a707a14f749458e2304c40f98990321888782699095ae6565859f3e	(80, 64)	torch.bfloat16
layer17.oproj_weight	95634d44469d7f453fa8c8d8a3004b877fa596909b97eba8ec0d63775879dc37	(1, 184, 34816)	torch.uint8
layer17.oproj_bias	b28c3a1dd9d65b603cf438e2dcb2b5f8e1a052c55e49b7cfc5f12c4847d03650	(184, 16)	torch.bfloat16
layer17.norm_pre	ba9ec823af8f0c6ef2d064eef12205dcc345c0f8a32d46708e7d739d4b4dc376	(2944,)	torch.bfloat16
layer17.norm_post	1276d7606cdac45e67a4d47dff75e213bba070ec1e7e9989f57c0fd796dbe956	(2944,)	torch.bfloat16
layer17.router_w	06dbe4ca9192d38a3a85fc0f26455e09527904af504638a1fcbd25f6d07b27d9	(128, 2944)	torch.bfloat16
layer17.router_b	ba752ce5dafb2e04ba940c4df5371831c534a4f2455f24a639bec964d47339cd	(1, 128)	torch.bfloat16
layer17.gate_up_w	ceb72794ad0161f2cdf41bd94b544e607f6a56526f2a79d3ec68ddfca2619450	(128, 46, 200192)	torch.uint8
layer17.down_w	cc5bf51616150649518213aaabcd527b9824bee52a2c27aa526a162c6b280c8a	(128, 46, 100096)	torch.uint8
layer17.gate_up_bias	525806cc3c2a06a0cc43412d9ad8ebd917afe0fd02fe21cc58e7e198c57acbcb	(128, 5888)	torch.bfloat16
layer17.down_bias	30c022d2cb27dea630be7abeb0d4ae4d6192a6c4acefefe2b77e3c9bbb2872c7	(128, 2944)	torch.bfloat16
layer17.sinks	7ff8cd227006c7155c7ff021eb10afc5781fa3ddc5e545e4b286a6309e3a3ffe	(64,)	torch.bfloat16
layer18.qkv_weight	147e9013e88ae6d3669aa8ab73771b32340f108dcee72fc55317faa83ded28b6	(1, 80, 100096)	torch.uint8
layer18.qkv_bias	7a5e81826737b65469a31144e86dd2cb7bd632c2606070f3181160438bd537f5	(80, 64)	torch.bfloat16
layer18.oproj_weight	e3cfbf0b92e0f4d41823f5044a289dba5c4a90d07cfdeaba5317e9cecd20318b	(1, 184, 34816)	torch.uint8
layer18.oproj_bias	114f0529baa6865070be6379d7cd73c45699e8d61e40e87c863111df1e8882ca	(184, 16)	torch.bfloat16
layer18.norm_pre	73a29ab298bf6110685f87944f527e7e68f73bf9213ea78fce12d2b13a1e72d6	(2944,)	torch.bfloat16
layer18.norm_post	b9e2ede2fb98544a866a3610261fb2928303c0897d40b4494f3fb807a814022a	(2944,)	torch.bfloat16
layer18.router_w	467420cfabc38e61062ebb41514b3176891164ec7d32337f832c861fe3778fa0	(128, 2944)	torch.bfloat16
layer18.router_b	062cc342a1c32c159c496906d8b57c7466a43c367b48b02e76a502a5b5492adb	(1, 128)	torch.bfloat16
layer18.gate_up_w	134e063b48d5849dcd94144bf13d991e9cae4cf295dd90da75de82eb66823558	(128, 46, 200192)	torch.uint8
layer18.down_w	6bbb0023e38b20a5ab29039451cdf74c74f90ff29b6ac2ef5099dffba3df4d45	(128, 46, 100096)	torch.uint8
layer18.gate_up_bias	0e9c5db0864af3ae42419f4f86187a3f532d9c28be1c8a6a0a234d7d8a6898c9	(128, 5888)	torch.bfloat16
layer18.down_bias	39f2431ca0fe7e99af6a2f2e2c058fbb7f3dcea775291c37971a82afb042b1da	(128, 2944)	torch.bfloat16
layer18.sinks	f8381ee513a1952e29b7632f739bb870094e87bcefd63ac1749f25baad8f4a0b	(64,)	torch.bfloat16
layer19.qkv_weight	e6360f250945352ee33b5f217dcb0e9f4bcd59898fbea982ca8b767b057e2598	(1, 80, 100096)	torch.uint8
layer19.qkv_bias	63321e792e2788eb7176383cf5097d5e4749bb84e5553200782d15240db66faf	(80, 64)	torch.bfloat16
layer19.oproj_weight	1b886b105f22c4dcd6be27279f2e657c9338d49eb05618a8bedbcae37da9c760	(1, 184, 34816)	torch.uint8
layer19.oproj_bias	3a296feb9e53625f181a0caf80fc947e0f6d015a5acf791e5b81313413f07403	(184, 16)	torch.bfloat16
layer19.norm_pre	1c53eeb28bc684c32ab4805d7042fac5c1930f0c569b411c4b3cd84444fd5eab	(2944,)	torch.bfloat16
layer19.norm_post	bc8b395b7595cdc7e864cf290bbca70367a489bb4087391099afe6f80b447336	(2944,)	torch.bfloat16
layer19.router_w	46828f444a86256167133e14435370cdeb4a8981e22bb3a516f9810e4af3c753	(128, 2944)	torch.bfloat16
layer19.router_b	ca96e675df5af8bc9290fe298dd95a6c99fc8c1e6ae078a93007952c72ba29a7	(1, 128)	torch.bfloat16
layer19.gate_up_w	8ed0a8d75680bd648bcaf4ce6d87fca45e38271e49d6f06633dfa430a8977bca	(128, 46, 200192)	torch.uint8
layer19.down_w	267aa16ede44ab707e17447aa40e0aa332547bbd97f57c150f5e5a8cd93cd403	(128, 46, 100096)	torch.uint8
layer19.gate_up_bias	8d4fbc66fc28207127cdd84be062fd06caaacc919a8387739c944bcc8fdf48c1	(128, 5888)	torch.bfloat16
layer19.down_bias	b859a3d8339b1435021bb27f670aa756ef53a4cacf7f91fe803068e94f974591	(128, 2944)	torch.bfloat16
layer19.sinks	9d24764d982a1c8ea1f172e8ea42cf7f0b7802103e3fa0941be9a18f6377eae9	(64,)	torch.bfloat16
layer20.qkv_weight	cfda24158d269f95413282738cb2c66395c9f2ee4044b0f154ca092cb7ba9123	(1, 80, 100096)	torch.uint8
layer20.qkv_bias	20974f92d27b3e3aad8ebf8b190c3b418dfa2e51c708185bfc1174890b6c79fb	(80, 64)	torch.bfloat16
layer20.oproj_weight	8ccc132518393aba88faf534d19ce8e693d5da273912e0e7f3d08a83007aa14a	(1, 184, 34816)	torch.uint8
layer20.oproj_bias	efb42aca61e299375dc20ecb20f171742d98d44b5f9c6879244e68d124fba53c	(184, 16)	torch.bfloat16
layer20.norm_pre	27bc3af3acee12608a90b91030249c22065a440e8a47ce66ee536d6a4a43c955	(2944,)	torch.bfloat16
layer20.norm_post	7d8afe8d2a3772c2c6e56b1042f605339cf8c59456402065ca472f1e11c58901	(2944,)	torch.bfloat16
layer20.router_w	2daf61255d86618790f6315cd484d78e88fc3c41f2196cab854c5c5e719316eb	(128, 2944)	torch.bfloat16
layer20.router_b	fa1ad4e46722ff21375eabf40bc6dd4a8f53d486ea7246533fbb732ed9991cfa	(1, 128)	torch.bfloat16
layer20.gate_up_w	8874fb62c7b59ad72364d55c2e92660992a995bda2ef673feec724cd11ada3ae	(128, 46, 200192)	torch.uint8
layer20.down_w	1b29dcec6ba8c98711b4b326a9409628b23e16354dad29cd5f91ffb05f71a81a	(128, 46, 100096)	torch.uint8
layer20.gate_up_bias	b7ffd9b9020c445957bce3eab4fbd596afc5ff5a6349293ebe90bb9530e95f6f	(128, 5888)	torch.bfloat16
layer20.down_bias	55297d8f97753f879aa0a4a3a9b46f48ad1b12222306cc33059defbe112e16dd	(128, 2944)	torch.bfloat16
layer20.sinks	66d2489e9d78153face83061e8b4399dc3f5d01eb2d2aed6df6feb234797370f	(64,)	torch.bfloat16
layer21.qkv_weight	856e16efdca27a14673ab930ff1a0df20d328f5734f844e7bcae9c5df9ebc008	(1, 80, 100096)	torch.uint8
layer21.qkv_bias	66c7e1b1503a6702762143fd0e67df59e85d88ce603feaeb9652aafef80ddfb5	(80, 64)	torch.bfloat16
layer21.oproj_weight	af0306a877dda968c371e6fa4e9b1345ad95bed0e2b0bb7abeb3e1d0b0f216eb	(1, 184, 34816)	torch.uint8
layer21.oproj_bias	ff6d68f81e72cfcb5c897e2c0e82b0899a1966d425958b64fd093e54a2ce3099	(184, 16)	torch.bfloat16
layer21.norm_pre	0cda50bcc36898700b25f6fcbabf8706e12ec37fb26a327ae1c947338d558cc2	(2944,)	torch.bfloat16
layer21.norm_post	04a05389db729303db92fd295703b7f8a9c6ce67f925ed191b565002c8bf8b9e	(2944,)	torch.bfloat16
layer21.router_w	1011be2ad1eaa0b245683433afc8efb9a76f2faa10ca5ccb2a7cb1bda8970319	(128, 2944)	torch.bfloat16
layer21.router_b	c92ff3db3882dee87035ae012d752f09d1bcff5a3ce25abca54b0db77914ed96	(1, 128)	torch.bfloat16
layer21.gate_up_w	03a3d2f8cbc25975dadcd6aac65dfb0a46a1cb0986c14589340bbe4e518d35ce	(128, 46, 200192)	torch.uint8
layer21.down_w	887802766d44a763fef3848242fcfab18a904815d3a1f28ec64f19c6aa50c92c	(128, 46, 100096)	torch.uint8
layer21.gate_up_bias	2a0cf7a42916448e32b646921715c7ca42d36623e8a0d7c818caccf2e4b90883	(128, 5888)	torch.bfloat16
layer21.down_bias	4b17dd0fc5644988bfed0e040dcf62520b68fd67c53720fc352d92392a1799a4	(128, 2944)	torch.bfloat16
layer21.sinks	be2685258ac789eb5b4b1e479fa5bb90025dd118bca3767f8ad2c098f9e98bd2	(64,)	torch.bfloat16
layer22.qkv_weight	6fc3a7fd269e87bbd4a9d785ca5beb0be456438719322cd0499dabaaedbe4019	(1, 80, 100096)	torch.uint8
layer22.qkv_bias	f3b35ce174b5b1dfffcc2d586610be418562ff0008928e93bc1f10364960ddad	(80, 64)	torch.bfloat16
layer22.oproj_weight	b16ecc48f851aefd43feb903df87728168bea59981e0c97940cb52c11ae4dadb	(1, 184, 34816)	torch.uint8
layer22.oproj_bias	aaaca8eccf0456a76893b1b7367b17d5ab9f732025cc08bd775c830539dcc6b0	(184, 16)	torch.bfloat16
layer22.norm_pre	fc967cce104c95eb2d9c2f7fbfccf673b5dd70612609494a9c6a565546c38de4	(2944,)	torch.bfloat16
layer22.norm_post	7bdce9a2e71de2e3d9cc1955a60c5835e882b34d8c1acd97958b8188b778cf01	(2944,)	torch.bfloat16
layer22.router_w	409f3dca2e2b536077920912c17ec9398fbef195feaa6842a778e9c2f4020681	(128, 2944)	torch.bfloat16
layer22.router_b	d366f1a61c1c461c2fffa47f3689ecc32ea2d3ecd725d54ff9ad262538c43b4f	(1, 128)	torch.bfloat16
layer22.gate_up_w	8cdf54c21d8bac5a4bbc14fb76a455da6d44bee975cd43675cd9b14373054d2c	(128, 46, 200192)	torch.uint8
layer22.down_w	d6cc040889e23f10ae43c64bde33bab4655fa1bf61876a89a0ac8aface030294	(128, 46, 100096)	torch.uint8
layer22.gate_up_bias	6a2e5d896aa0abd52ffce43525f7acc8ce549dd4c25f0d430cf0daa7c38256a9	(128, 5888)	torch.bfloat16
layer22.down_bias	7c3b52c554220b6b7598bd9027fc3a1b02de7d1a6ad41c3cca49f13e71c13886	(128, 2944)	torch.bfloat16
layer22.sinks	03ea68bcdab30d5a149a21c9c5c619631e7b442ee65c6a94b5155cd6e85e0236	(64,)	torch.bfloat16
layer23.qkv_weight	9229e675c5b1a83a576176401bf177ffec2c06269f7db5963aed0e1e1d2d21ba	(1, 80, 100096)	torch.uint8
layer23.qkv_bias	a8fbef54ca91fe04a88a2322ccfd8d8838b67635d25d7a3f2eee183ad94486a0	(80, 64)	torch.bfloat16
layer23.oproj_weight	948aff6d7296548ab9f536e003a80f15ee1c3e92aa792c42246ae8fb7861485a	(1, 184, 34816)	torch.uint8
layer23.oproj_bias	5df370f65a6b0f457e91707bd349626b949c8a48ab87f42d3bd84fab48b20a59	(184, 16)	torch.bfloat16
layer23.norm_pre	6167eb58c919c240684a6aa750047ac6f22f872a3aab1cb6bd25c5e6e6eea775	(2944,)	torch.bfloat16
layer23.norm_post	e65de4fe1b7de290567e3265146c5261b16110fb5aeaa805e86cebf4ed97fe99	(2944,)	torch.bfloat16
layer23.router_w	6dd8f7397d17408c545307f760835a95a8d645722a2596054a061bdabfce1bdc	(128, 2944)	torch.bfloat16
layer23.router_b	5d458bc789e83f1371a9cb363d8a30109b6f08fa8be423ae2d930cd8014953de	(1, 128)	torch.bfloat16
layer23.gate_up_w	58a3750a7fd5cd1a47912a60693083d2fba1960a6d555d892c5e85c2f3d37693	(128, 46, 200192)	torch.uint8
layer23.down_w	5508fd787cc2edec836c42360525821a537d44dde9848c3e5136b5f8e6445360	(128, 46, 100096)	torch.uint8
layer23.gate_up_bias	e4f559c74e80525c01f2de0b00446ba8471e9aaa4e39358efdadd738291d6089	(128, 5888)	torch.bfloat16
layer23.down_bias	19f0f7edf8354d6d0c6c538388aab2bbd86f8f569a0de2842af1fc8c545548f2	(128, 2944)	torch.bfloat16
layer23.sinks	ea4c1295cdaa00a033efb14e5d175c2f6ca64e8254e3cbd981e617dbb38e3214	(64,)	torch.bfloat16
layer24.qkv_weight	f7750f0fc750baf86465479228cda1b3286a92d75d82966d9400eff300837adc	(1, 80, 100096)	torch.uint8
layer24.qkv_bias	661be90a449a8e632289a3aaff454a583b379402eb4293dd897d1b41022c3e5c	(80, 64)	torch.bfloat16
layer24.oproj_weight	f6465eeac338b0f15b297bda68923103cc2c0a6a70fe1b592e0f8e4588353990	(1, 184, 34816)	torch.uint8
layer24.oproj_bias	18743b30dac70f7bcbd99b19ed5d523d1f227911647a12f0ad17b0f20b100a4e	(184, 16)	torch.bfloat16
layer24.norm_pre	2a8b84c05826f2859f1be82a8dc4533c41bf7f23ceddfb168094fad154f72dc5	(2944,)	torch.bfloat16
layer24.norm_post	e156674ab1f5dfc2542b75670f9d3bd56c95df912bf241efc8767e02b728a901	(2944,)	torch.bfloat16
layer24.router_w	7a18c1e3dc7070196c6bfa9ecddb637f120ccc99a4fbe2c9df3cf49f72f878ec	(128, 2944)	torch.bfloat16
layer24.router_b	99789937c842f3fd29ee93b7193d3741cf97e1bf2ff34acdbf3e201f9ee0cc9d	(1, 128)	torch.bfloat16
layer24.gate_up_w	1164ce62ead20dce014e9e03c6696c4a5c03bd86607a91b18101bc048c59b341	(128, 46, 200192)	torch.uint8
layer24.down_w	c10b28093f2a94c7f0f3aaf86013eb466772a36e1806132a529d266e1d9d2011	(128, 46, 100096)	torch.uint8
layer24.gate_up_bias	c9388b2400da9f614826d77ef22ea7be17d4a9285580de0a6e833e9c9b61e2ce	(128, 5888)	torch.bfloat16
layer24.down_bias	065479507a1b27aceb29956487970ff8cf86c5746fe67c9ca5cf36cd3dc8285a	(128, 2944)	torch.bfloat16
layer24.sinks	3d19ae8ff2bf8ba50b3a042c444a94c852e024a9f3fd21962a871aa619c591e7	(64,)	torch.bfloat16
layer25.qkv_weight	603f56f6a9ac4fb85dfe953f057008569811cae34106869bf6d85fea5317b055	(1, 80, 100096)	torch.uint8
layer25.qkv_bias	edb086d19a8f865ecabf5096cbd9d4b349b9dd134730494ea3ce97284d34585f	(80, 64)	torch.bfloat16
layer25.oproj_weight	1fb2ee01feaa5cea22bc6ddfd195b9d809cbfaee999247e5ea60363cb3904c62	(1, 184, 34816)	torch.uint8
layer25.oproj_bias	5ddca6ff3f39abf8cd79d7bc671a0c7587b8edd968f05a4318c1a8e9e8e14c57	(184, 16)	torch.bfloat16
layer25.norm_pre	c5f1864f47fdba2bd0966e583d9e7790f8a16beca1780d9f985a709d69b44f29	(2944,)	torch.bfloat16
layer25.norm_post	2acb5319d866fae5e09eb842afedc12cf31876da4193981d3ae4e0633587c167	(2944,)	torch.bfloat16
layer25.router_w	b19aa2979d26bca82efce0d118ece1295e121ff340dcd6484dd276446615888c	(128, 2944)	torch.bfloat16
layer25.router_b	65de586468530d245c1ea6ac0b67129c98bf0a877ab081ec3dc0ee244c414ecb	(1, 128)	torch.bfloat16
layer25.gate_up_w	c34259986a2a1e76e8b17b327636150cd134de71a564167fdc7c8f53a4732662	(128, 46, 200192)	torch.uint8
layer25.down_w	3199241a8718bf1f46ce05344140a20a5fcc5a75e18c35df32ad52f41e8c0db0	(128, 46, 100096)	torch.uint8
layer25.gate_up_bias	ee04a95d2b2badd4fe87131a61c6c0dd124c4c1629f36c0dfde3ed2a53c99c7a	(128, 5888)	torch.bfloat16
layer25.down_bias	65c338e975bff91ee3867a0ae54453651f4905a5adc683ae88e4fd285a628437	(128, 2944)	torch.bfloat16
layer25.sinks	fa7bea70660b1a63006a47bf97362172277001f10c324aec036bc29953f2fb65	(64,)	torch.bfloat16
layer26.qkv_weight	128239937e50427f7f3cafafc392c747e72fedc525496bf0fd4590bd70ad7158	(1, 80, 100096)	torch.uint8
layer26.qkv_bias	cac6c61e9158415acb9ea44338eeb4124e5983b8c847a067ae1381c041566808	(80, 64)	torch.bfloat16
layer26.oproj_weight	22bd27220e67098a8db140f36705316f14bf154281d6cd0167a307423428fbc9	(1, 184, 34816)	torch.uint8
layer26.oproj_bias	420024b71c40553b730f4c524ab29d8b46cbef9f2e1c607c90c6c15f124d9e71	(184, 16)	torch.bfloat16
layer26.norm_pre	8ba407a25cc42de91d1bc343b99f5908cba2b0287df070edfe1ec39f5a352c02	(2944,)	torch.bfloat16
layer26.norm_post	d7492d4943a3db9f7dc911ba7d90d5766dc24d47cc60185f7dc9363c0a2f5aad	(2944,)	torch.bfloat16
layer26.router_w	eea44ed46b19e82798700a4928c47aadc950ae14c59aafb2a66b999caf470735	(128, 2944)	torch.bfloat16
layer26.router_b	81f4246f2fb5034c47a56399333e8ccfc9388ffd2ce85b5e7945d9061813bf0d	(1, 128)	torch.bfloat16
layer26.gate_up_w	d982ac7c502cc20e1c03d613dc997fd4b87024f44b729311ab1fe4d59ca7f7a0	(128, 46, 200192)	torch.uint8
layer26.down_w	6c8f5557ff214156a3e359a58656fa85e415f413f76ed5f99f226f7a2eabacc5	(128, 46, 100096)	torch.uint8
layer26.gate_up_bias	e8e0756e6819019fca5df51c63d55f8320db9dc5c22ee73a496aa18b05529b14	(128, 5888)	torch.bfloat16
layer26.down_bias	8b700362d97020061aeeea79ef30c688632dcf8520226d6dc9aa0f741f20b504	(128, 2944)	torch.bfloat16
layer26.sinks	6588ae38b3833c4e8566b7c685bf39c17219237ca7906da242826a1473c05052	(64,)	torch.bfloat16
layer27.qkv_weight	d62170eea274908de0b2902bf885dbb430439c6dc7157c789d36b5045c540433	(1, 80, 100096)	torch.uint8
layer27.qkv_bias	0aed9d8f0e17f08d4d313531352b265b03ec79d25b4ae629a3ee8c211b937ed6	(80, 64)	torch.bfloat16
layer27.oproj_weight	0d4ddb7c0cfe148f9b85ac85f142463ab92bfa2e90df5e36ad718db2d8e2ae61	(1, 184, 34816)	torch.uint8
layer27.oproj_bias	b857126711092924ad8d7839d9a0780145b56e9481ce8d95ed1c6b592a890b3c	(184, 16)	torch.bfloat16
layer27.norm_pre	e94c9f73e59e7b4da944286c05edb2c31eec089997de4f927be7d82f13026060	(2944,)	torch.bfloat16
layer27.norm_post	260ec4feff0c766ff97fe0974033614280e90dec2aa0b3c9af55fdb11db917f8	(2944,)	torch.bfloat16
layer27.router_w	4ab6d16941a90508362a3b8f2631cfcfe935d8ac9d8b5d0cf8330a5ac06e65cb	(128, 2944)	torch.bfloat16
layer27.router_b	0c880407f06328b59942c0e517f988e4608a4cd01db4b361797dd730bff72bc1	(1, 128)	torch.bfloat16
layer27.gate_up_w	d3376a4e5c2dd2aff694bb730c9c5b6a19c38abf579b5c8cc0f3590f01e36b14	(128, 46, 200192)	torch.uint8
layer27.down_w	f8b37ae081c74921abacf351b3326040def98a45ba3942550983951934bc3a27	(128, 46, 100096)	torch.uint8
layer27.gate_up_bias	3e4a43c2503d3c16996eeaf7d3bf5db4fa8ac158b9b2544f128f0c5fbbf7f768	(128, 5888)	torch.bfloat16
layer27.down_bias	874153a4253d003170677a4a2d14f03c6b1b873bb50bea637ca074ecd81537a0	(128, 2944)	torch.bfloat16
layer27.sinks	8b9675d1c5c8aad170f6c9db8a4440dd2c38aaba52a1f825312f39330e216c61	(64,)	torch.bfloat16
layer28.qkv_weight	7bc7e9b02b22a5d0d110846b0e728dd3d488817df2a2ada7eaa78a604ed82b36	(1, 80, 100096)	torch.uint8
layer28.qkv_bias	329d25bce2e44941e38804f6c5b3f35b8a565f3a59c9a28aacaab8839cf9da92	(80, 64)	torch.bfloat16
layer28.oproj_weight	c77e778cde6fc845e0de6278afd1d25bf408a104dbca975276df4049687aebb9	(1, 184, 34816)	torch.uint8
layer28.oproj_bias	98a165bd00ecb5ea693d925376f3c7b8d16c420d7884b6f488321ff2501d7001	(184, 16)	torch.bfloat16
layer28.norm_pre	f1931d292a62c8ed37396bde5d0233ceaee2469d81181d465ec751ee71533047	(2944,)	torch.bfloat16
layer28.norm_post	9375bd19aa5dadef03c9771345431d7bcd1fe0056622af96ffd11f38fa7aab3d	(2944,)	torch.bfloat16
layer28.router_w	4b4c3fc476cb87ee5588dcfbb43957bd7d2d4e80e8ae0a5eb0cd494848393759	(128, 2944)	torch.bfloat16
layer28.router_b	2125be4b2e395b76242c537836d5b7ae5a0977a8b24d9a78036d15865017df19	(1, 128)	torch.bfloat16
layer28.gate_up_w	47e3155fd86aec917486eef296ebd16e01728a269f20a966f7e0993fba3324a5	(128, 46, 200192)	torch.uint8
layer28.down_w	403aa3ad779c95d636f6cc65a18754b80f8e020d2f8acbded03b58c9b4e270bd	(128, 46, 100096)	torch.uint8
layer28.gate_up_bias	80ab1261ad754d7b6b92305c0281609aa947ae4c68787c7a7ee317f14eeced8a	(128, 5888)	torch.bfloat16
layer28.down_bias	e6688c7a47fef17ed0d6ff084813475804122f72e14e51eb60fb840be0962d7f	(128, 2944)	torch.bfloat16
layer28.sinks	d38a01d4621ee8d8f0bb9dbbc36acea0e7cd004bb0e74372b6e9d9030eb2a480	(64,)	torch.bfloat16
layer29.qkv_weight	abcfe2b9a7e330582deddbdcc497526052e427eb2207c5c7cb3091b169d822f0	(1, 80, 100096)	torch.uint8
layer29.qkv_bias	8e79df93e337d802c5c40bec22004122025bf16a7140e45ca80cfc2d97816c46	(80, 64)	torch.bfloat16
layer29.oproj_weight	dd18ef70234a3180a0e97ea9dfe55e2eb5f7dac3ba12345861104996a7fc6ae8	(1, 184, 34816)	torch.uint8
layer29.oproj_bias	d3284f7cf7c520e8e83fba6f3d1a91ae08ea51b8a52fb024998c799c53b7ff84	(184, 16)	torch.bfloat16
layer29.norm_pre	b3b3dd09eebe6b7237be92984abd301a9726d13606fa8893448892cc1d8b52f0	(2944,)	torch.bfloat16
layer29.norm_post	b64f792ed42e45271a18c1cb15f9c5c74f437f7e3d0c41a1fb908541dae23ed5	(2944,)	torch.bfloat16
layer29.router_w	b3deb416295cc96b0a54b921d4d81ed6bcf5104e4430bdb63d0e70d4b5c26080	(128, 2944)	torch.bfloat16
layer29.router_b	e27f572f463b63e491dbf2235fac5b0cc86a00400b480c8f71d4228ed285c9f0	(1, 128)	torch.bfloat16
layer29.gate_up_w	bfdf51df02b0801515a692d5cd686bc4ac40ce3fe161e4e01ac54e174cf60e72	(128, 46, 200192)	torch.uint8
layer29.down_w	b11a451bebba19b6fcd2db14c3673215afd9308d711d0deeb671b569f7dfcc26	(128, 46, 100096)	torch.uint8
layer29.gate_up_bias	2fa495fdaa78bb30fe7fe83c84eb3586dfe2efba59fa7b040c0a753ff9edae16	(128, 5888)	torch.bfloat16
layer29.down_bias	a29dc121fcd57224d82ed71ea6e58b41a13c9d70d9e35071e239876910a3ab38	(128, 2944)	torch.bfloat16
layer29.sinks	88793f443c11807d5aab4f45274856ac9b2cd017b97436dd778341191c8609bc	(64,)	torch.bfloat16
layer30.qkv_weight	f0a864e3c4aebb67e8cfcb42fc2c7750efe199610b9fc55afda70b4f0bac59c0	(1, 80, 100096)	torch.uint8
layer30.qkv_bias	154339d2f791bde171597e0734c21619a6772396924ae4ec09b3c7f70a935aea	(80, 64)	torch.bfloat16
layer30.oproj_weight	d87cd0a2ad2addb2dc300741c81ebd8dbc747994bbebf2f10c3dc98cdee39c10	(1, 184, 34816)	torch.uint8
layer30.oproj_bias	0d9ae44c1949d5d836531bb4b5359986a6d747395a6f054f32132a24de9f8d48	(184, 16)	torch.bfloat16
layer30.norm_pre	bc5e5da452a6c14af58127cccc18fe49f58fefc01970e8599253cdd4c631798b	(2944,)	torch.bfloat16
layer30.norm_post	e5fe54bfd9270efabd6fbe7c5104053430077dd11c912dee192b94b6352ecd66	(2944,)	torch.bfloat16
layer30.router_w	964f58f2b6358d81edaf6860a0a1ef17c6a1d149995a7691444aac3dadeadd2f	(128, 2944)	torch.bfloat16
layer30.router_b	468065091bb52bac9373be9108c28e7c04937dcbaf1ad8f8c519cefdd6b7cc51	(1, 128)	torch.bfloat16
layer30.gate_up_w	709cc78fba066fcdd161982ed227365b7d07fe9adeed41731e0b7d2267e65210	(128, 46, 200192)	torch.uint8
layer30.down_w	f9641a85bec48f6cb0985a932a475bc161af8a9820fd6011f706353a2b774f83	(128, 46, 100096)	torch.uint8
layer30.gate_up_bias	180a88cb3fe9c909954b9f66e75a91e56c37a71cfba31ec9b517d47b593f4208	(128, 5888)	torch.bfloat16
layer30.down_bias	17029d43d8702da186e522f04cfc621c385b3666f0dfd2dbf38d6b8924119235	(128, 2944)	torch.bfloat16
layer30.sinks	cc5a46bdfba7b9b02a874693b37c9394e8242aae56aac025193dd212d603f26f	(64,)	torch.bfloat16
layer31.qkv_weight	cf0ceb8279b987c9389d81cdead831cdad2dfd9029ab0d02553f002ea0963686	(1, 80, 100096)	torch.uint8
layer31.qkv_bias	093c9f787a0b19f94346620ecb7ceff03fd6fbb83267c5e7cadb481232fb9df4	(80, 64)	torch.bfloat16
layer31.oproj_weight	66cd368d026eb7ff8335931fdc9f048fc364a03321d2793ce93362e5676e7a2d	(1, 184, 34816)	torch.uint8
layer31.oproj_bias	a2f01ce6f2d952ea9a07b387a5e949bfe4a38e39a9756ecd86d7c2de5a1ea6f9	(184, 16)	torch.bfloat16
layer31.norm_pre	234fd35d7eb5e9b1a365bdbfb11616c084b32ce9ce1c0a31e1d96a677d6a8db2	(2944,)	torch.bfloat16
layer31.norm_post	13def32c54e560e5d5f2f73ea1976af8582bfd2c7719eeab27ce799663abb1ca	(2944,)	torch.bfloat16
layer31.router_w	bc5336eb5eaa54c0b5396c325593bb93ac716243c8cc96ac4c3e83bc2d994a71	(128, 2944)	torch.bfloat16
layer31.router_b	4b728e9a8aa5f95417df712e79ff6e26164d456d3099e6c76c367fb8e3e819c2	(1, 128)	torch.bfloat16
layer31.gate_up_w	4480eb8904907f28e1eade5ada02e6397d7acb6387a8dbeb27c564c2d3154342	(128, 46, 200192)	torch.uint8
layer31.down_w	0c52044fdc05f09e30796731d8caff7854150044bc536b31fe4f1ccd75baab35	(128, 46, 100096)	torch.uint8
layer31.gate_up_bias	14e5c87f3a47dc54743d7bdb4d24ad1fb1e4bb346e7b215a74bc1c80b65a3a87	(128, 5888)	torch.bfloat16
layer31.down_bias	593dbf5ace1e66a5a75361332e12b6f60bc8661ad66b6a6e9adedec781bcd9bc	(128, 2944)	torch.bfloat16
layer31.sinks	f60b1174ea7fd53b666cd415c97b23b4a3490b35456cdfc1c2226074a8688eae	(64,)	torch.bfloat16
layer32.qkv_weight	2579e4c520c87f8be8156da3f87b6f662c7cc5cbf1be48965132a4b32a7fc666	(1, 80, 100096)	torch.uint8
layer32.qkv_bias	95e7f875fa67d5e47065a2dc9e3cfb349475b034d4f74561e45c63d5f52afa68	(80, 64)	torch.bfloat16
layer32.oproj_weight	87c0c278bd6f55264531d245c57d6e3a48f6dcf40ae1cd39f27eede4bb79c098	(1, 184, 34816)	torch.uint8
layer32.oproj_bias	e0f3a175e91bb40fb37d8106da9f07cbe65ce406b15b244b100b3731133486fe	(184, 16)	torch.bfloat16
layer32.norm_pre	b9a62250b6adb37d575b163f60ad6475b3b1e880aef7f7bae7384f6679d3a687	(2944,)	torch.bfloat16
layer32.norm_post	da2047b3288c4571f02b672eeea5e36643ffe011beba62176339b5aabf348d60	(2944,)	torch.bfloat16
layer32.router_w	3b3945eb6c9bfc5e9857fbdfcbfe4889902da3e83ba9308b8296578e53f8cd13	(128, 2944)	torch.bfloat16
layer32.router_b	78ee6768ef34a82bfc1dec988f92f48ba09179ac27dd5cb888ecf8caa144668c	(1, 128)	torch.bfloat16
layer32.gate_up_w	cf3879770f6d7134271387f36f7f5521f3eefc8db993bd13331f9656271f70db	(128, 46, 200192)	torch.uint8
layer32.down_w	9a54abf66b54c7927aad80b2bfad956b396ace1ff846740f8aba37e6deaed685	(128, 46, 100096)	torch.uint8
layer32.gate_up_bias	9006389779a18d9382583c1ecfcba99802ba82ccbf79e987c200564bff743f05	(128, 5888)	torch.bfloat16
layer32.down_bias	f187fe5ac1cd18d0a412e2ffcf35a9addb0253fda0800e5ea3e7cfa6af3ee80c	(128, 2944)	torch.bfloat16
layer32.sinks	f862a319e1e6beb813bf612ac16412f0cf36796992236233c720bb47c482e254	(64,)	torch.bfloat16
layer33.qkv_weight	693b6a3dbe8649dab037a9e7b26fe4beb5735930784c20a8778c02e483537827	(1, 80, 100096)	torch.uint8
layer33.qkv_bias	e3acf5119afbcd4edc53cb6702ea365ffc54cb9526b5a6447d84554c0bc0125e	(80, 64)	torch.bfloat16
layer33.oproj_weight	7f7d919470b52858fab9ff1c34e85ac9d378e345fe579591fff1b946abc80897	(1, 184, 34816)	torch.uint8
layer33.oproj_bias	9ea9d6b84d07dd3560799ede4e499ecd74bb00d2aa6e46fcb997a1fdce7a7cce	(184, 16)	torch.bfloat16
layer33.norm_pre	a7b4e548c07fb0ee38534594b66658fc5831b4bde160f3e8f0782194c32b4509	(2944,)	torch.bfloat16
layer33.norm_post	f522bd5866ded7875a963be3dd4d205ab826d10896dda0f1ce828836fc9c3cd3	(2944,)	torch.bfloat16
layer33.router_w	d1d948e1fbd8d7f857f6125351844b5af9cae0ec38ecf3d41f60e953efb53f9c	(128, 2944)	torch.bfloat16
layer33.router_b	fe55446824d590a291f2fbef6f27ddf9d525b9a462583b5baf7f69a05ee74cd4	(1, 128)	torch.bfloat16
layer33.gate_up_w	d07b0932b2918c15a732bec3a3880ff5ea0f30b3c6b9115f71926996ef8efcea	(128, 46, 200192)	torch.uint8
layer33.down_w	8738a78d5a7e558e7f7ee8383743d4a2c46fd9bb6fdd641f407b254ece2b3f73	(128, 46, 100096)	torch.uint8
layer33.gate_up_bias	922f13e5100317f6822e253d117b960eb74ee8635546a5a204aad6e937c7aa4c	(128, 5888)	torch.bfloat16
layer33.down_bias	806a215aac4f8394fdbe661338e750f14ea7db9bf35a284e79d9b6e66eebc206	(128, 2944)	torch.bfloat16
layer33.sinks	4ed2b52175b62098b0795cba098cf9230291a2c5c79cf0ad026fc78619615937	(64,)	torch.bfloat16
layer34.qkv_weight	8cd7042f0b5e81cead5a373703ebc5aa399d4e2151c96fb608b40cae5f1e5065	(1, 80, 100096)	torch.uint8
layer34.qkv_bias	ee5f43dbb1371bfb258353e74dd24556298f3455d50d8b9de628c62c6142c455	(80, 64)	torch.bfloat16
layer34.oproj_weight	abafca3116ac74ab4c2d28d7ed77d259c52684d032a1ef1a62a4b6d832ea3b5f	(1, 184, 34816)	torch.uint8
layer34.oproj_bias	e391ba0b28ca86e4c3559b4c1a6a5416a5e37fb909e31c867780c45d24bf1c85	(184, 16)	torch.bfloat16
layer34.norm_pre	c49fd16f79c713a012c7ac0a34971f496e6f056c3152ed4da61db11a38354cba	(2944,)	torch.bfloat16
layer34.norm_post	c508fbbc60a7abdaf64da24e2467c08d40e96b5bb4fb40b60536fac29bee2399	(2944,)	torch.bfloat16
layer34.router_w	7bfb19a02b5c5bc5614f5d60189f1cf33b0513758de237273b4c64dac7831f7f	(128, 2944)	torch.bfloat16
layer34.router_b	c34244cca594e55c297248bf28a0058bd7e5b0196600ee6d89141156bcdbcedd	(1, 128)	torch.bfloat16
layer34.gate_up_w	90b8d7073f2bca734d80da029aefd249a7303697b507827abce03fa2af2ec72d	(128, 46, 200192)	torch.uint8
layer34.down_w	88c625a0191316d4a15625dbf84133244306d6143902fccfedff8726147abc81	(128, 46, 100096)	torch.uint8
layer34.gate_up_bias	4126c2f1b3dddfabd669f8f262f4f821818d9dded6b834ccb75cfea5355f9ae1	(128, 5888)	torch.bfloat16
layer34.down_bias	a9fa19d57d15947ebc5369810e906b60c31327675e5a75f8043eeceb50cd7c4a	(128, 2944)	torch.bfloat16
layer34.sinks	c5b9dc1b10d6723b4bbe0c9e6341d004657af0a82d04cba66e1dd99a4bd00e62	(64,)	torch.bfloat16
layer35.qkv_weight	84698e0647845027f403aa6291a97b6d89af47579deb8b450f43afa363c23abc	(1, 80, 100096)	torch.uint8
layer35.qkv_bias	f3ac8282e3f798cb6657a24fccb7de4b41c1323ad22bdd8e4ba4a48291f91f5f	(80, 64)	torch.bfloat16
layer35.oproj_weight	95fddcbaa233f9deda71605ce094d02b9c43ce5ade05cede813fc044654b4aef	(1, 184, 34816)	torch.uint8
layer35.oproj_bias	dde7ad99ba035214939ce577f44808568895da876872f03ee7438e83cf618f2a	(184, 16)	torch.bfloat16
layer35.norm_pre	be1b38e8f666c3516c5653096396aec9970f369c386510a4d212e80d73b625c0	(2944,)	torch.bfloat16
layer35.norm_post	e60c6663b78d41da609e4f5b6d91dda3bf2ed526c8274c4534bc73a3ef86f076	(2944,)	torch.bfloat16
layer35.router_w	a1f9f095efa0ba9f1971fb0d8cbf83ae14023a183c53c44aecd1dbc56f321230	(128, 2944)	torch.bfloat16
layer35.router_b	a04720abb5c1afeb85d8ce91c582bdf576820d8ae4b46b2ee843ca30dcbe6ad9	(1, 128)	torch.bfloat16
layer35.gate_up_w	0d1435c8e0d986a1abc97a50286f5896143951aa02bd80de869edda6716b1286	(128, 46, 200192)	torch.uint8
layer35.down_w	9ca775bb695f3ffa4833ec204e161965fffe826b5d4e5d373920c3e28b8f02eb	(128, 46, 100096)	torch.uint8
layer35.gate_up_bias	b0730d1b7329016a132b4b92f89b36e33de7da4770efbb8d50755b8a858580ba	(128, 5888)	torch.bfloat16
layer35.down_bias	0d021471d436baa9bf4848037b59e7e2d478a0301f4cd26bb5f51d2846b9a201	(128, 2944)	torch.bfloat16
layer35.sinks	09a2595b2ed7206bd3e25b1d7c4270bd2a52ac1cdc3fd54e9b10306b984ba0d6	(64,)	torch.bfloat16
final_norm_w	45732f82525381812e1afba6e8d9f2fe1b2354a2a06997bc5fe6f6b66b46d2cd	(2944,)	torch.bfloat16
lm_head_packed	7a9aad80e70bdddd495e8f5697f0d33894daa8c22e6db19aa22ed17c48aa42aa	(3144, 100096)	torch.uint8
lm_head_bias	ca4a66e71de062d98549a7eb755b9e2b327dc1051bd53eec1d19c11228ab6312	(1, 201216)	torch.bfloat16
rope_cos	1ffa3c043209a5fe535375e6a03210a4a9ecfc71a62fab8113f4c8ad8b528b46	(2049, 64)	torch.bfloat16
rope_sin	2be59eb1589715c03750b367487dfec8f5ac4d391bc59b31f62f4a2192f7cb8e	(2049, 64)	torch.bfloat16
